Type,Runtime,Run,Time (s)
Warm,node,1,3.086892
Warm,node,2,2.9792206
Warm,node,3,3.0239891
Warm,node,4,3.039301
Warm,node,5,3.0548254
Warm,CLR,1,2.9956067
Warm,CLR,2,2.9742722
Warm,CLR,3,2.9604373
Warm,CLR,4,2.9459947
Warm,CLR,5,3.0047284
Cold,CLR,1,67.8572515
Cold,CLR,2,65.1181311
Cold,CLR,3,56.2217265
Cold,CLR,4,58.0667868
Cold,CLR,5,59.3352571
Cold,node,1,45.0254576
Cold,node,2,21.14084
Cold,node,3,19.1838716
Cold,node,4,16.5352626
Cold,node,5,18.2839226
